{"meta": "decision-tree", "feature_importances_": [0.0, 0.0, 0.6804236669101537, 0.0, 0.31957633308984634], "max_features_": 5, "n_classes_": 2, "n_features_": 5, "n_outputs_": 1, "tree_": {"max_depth": 2, "node_count": 5, "nodes": [[1, 4, 4, 49.959999084472656, 0.15790275872580395, 162, 162.0], [2, 3, 2, 5112294.0, 0.47041636230825423, 37, 37.0], [-1, -1, -2, -2.0, 0.0, 14, 14.0], [-1, -1, -2, -2.0, 0.0, 23, 23.0], [-1, -1, -2, -2.0, 0.0, 125, 125.0]], "values": [[[14.0, 148.0]], [[14.0, 23.0]], [[14.0, 0.0]], [[0.0, 23.0]], [[0.0, 125.0]]], "nodes_dtype": ["<i8", "<i8", "<i8", "<f8", "<f8", "<i8", "<f8"]}, "classes_": [0, 1], "params": {"ccp_alpha": 0.0, "class_weight": null, "criterion": "gini", "max_depth": 5, "max_features": null, "max_leaf_nodes": null, "min_impurity_decrease": 0.0, "min_samples_leaf": 1, "min_samples_split": 2, "min_weight_fraction_leaf": 0.0, "random_state": null, "splitter": "best"}}